{
    "1024": {
        "tasks": {
            "T1": {
                "min": 0.0684659481048584,
                "mean": 0.0752641201019287,
                "max": 0.0878136157989502,
                "stdev": 0.0056220643295404665
            },
            "T2": {
                "min": 0.058238983154296875,
                "mean": 0.06990971565246581,
                "max": 0.11985135078430176,
                "stdev": 0.017953868252441628
            },
            "T3": {
                "min": 0.1180107593536377,
                "mean": 0.14231154918670655,
                "max": 0.197495698928833,
                "stdev": 0.027087648595439207
            },
            "T4": {
                "min": 0.041357994079589844,
                "mean": 4.055545353889466,
                "max": 40.1159291267395,
                "stdev": 12.670329250745269
            },
            "T5": {
                "min": 0.12038516998291016,
                "mean": 0.16399731636047363,
                "max": 0.3770782947540283,
                "stdev": 0.07945360494392562
            },
            "T6": {
                "min": 0.045278072357177734,
                "mean": 0.052908134460449216,
                "max": 0.0727534294128418,
                "stdev": 0.009263235495336721
            }
        },
        "make_span": {
            "min": 0.4789278507232666,
            "mean": 4.55993618965149,
            "max": 40.7613160610199,
            "stdev": 12.720079397176516
        },
        "total_transmitted": {
            "min": 14,
            "mean": 18.1,
            "max": 29,
            "stdev": 4.2282121254470875
        }
    },
    "4096": {
        "tasks": {
            "T1": {
                "min": 0.06451964378356934,
                "mean": 0.0745729684829712,
                "max": 0.09083151817321777,
                "stdev": 0.007216201426093279
            },
            "T2": {
                "min": 0.05525398254394531,
                "mean": 0.07782497406005859,
                "max": 0.2061927318572998,
                "stdev": 0.045619536415638325
            },
            "T3": {
                "min": 0.11528635025024414,
                "mean": 0.17006258964538573,
                "max": 0.5287251472473145,
                "stdev": 0.12663895839795458
            },
            "T4": {
                "min": 0.0437164306640625,
                "mean": 4.06161515712738,
                "max": 40.1588134765625,
                "stdev": 12.683266548994848
            },
            "T5": {
                "min": 0.10505318641662598,
                "mean": 0.12813587188720704,
                "max": 0.25270915031433105,
                "stdev": 0.044331888658518115
            },
            "T6": {
                "min": 0.043273210525512695,
                "mean": 0.05304386615753174,
                "max": 0.06952643394470215,
                "stdev": 0.007344110601591333
            }
        },
        "make_span": {
            "min": 0.4603135585784912,
            "mean": 4.565255427360535,
            "max": 41.280545234680176,
            "stdev": 12.900469666017125
        },
        "total_transmitted": {
            "min": 20,
            "mean": 24.6,
            "max": 41,
            "stdev": 6.077280093375106
        }
    },
    "16384": {
        "tasks": {
            "T1": {
                "min": 0.06119227409362793,
                "mean": 0.11717767715454101,
                "max": 0.3279294967651367,
                "stdev": 0.0860729969740956
            },
            "T2": {
                "min": 0.05621600151062012,
                "mean": 0.0982661485671997,
                "max": 0.4023439884185791,
                "stdev": 0.10698892004221576
            },
            "T3": {
                "min": 0.10711526870727539,
                "mean": 0.11853010654449463,
                "max": 0.1622624397277832,
                "stdev": 0.01643019944727111
            },
            "T4": {
                "min": 0.04481196403503418,
                "mean": 4.083422040939331,
                "max": 40.38402485847473,
                "stdev": 12.754732042505184
            },
            "T5": {
                "min": 0.11170506477355957,
                "mean": 0.13598971366882323,
                "max": 0.19379615783691406,
                "stdev": 0.025983771050473593
            },
            "T6": {
                "min": 0.04667210578918457,
                "mean": 0.052589130401611325,
                "max": 0.06132197380065918,
                "stdev": 0.0043293108483391865
            }
        },
        "make_span": {
            "min": 0.45960402488708496,
            "mean": 4.605974817276001,
            "max": 41.26721715927124,
            "stdev": 12.881717445868288
        },
        "total_transmitted": {
            "min": 27,
            "mean": 31.5,
            "max": 44,
            "stdev": 4.881939505292269
        }
    },
    "65536": {
        "tasks": {
            "T1": {
                "min": 0.07070755958557129,
                "mean": 0.0850189208984375,
                "max": 0.1554276943206787,
                "stdev": 0.02586487113180651
            },
            "T2": {
                "min": 0.04264259338378906,
                "mean": 0.07949419021606445,
                "max": 0.20637917518615723,
                "stdev": 0.04624223807922013
            },
            "T3": {
                "min": 0.11149144172668457,
                "mean": 0.12412488460540771,
                "max": 0.15848970413208008,
                "stdev": 0.013578530869420926
            },
            "T4": {
                "min": 0.0441431999206543,
                "mean": 4.065870833396912,
                "max": 40.17496991157532,
                "stdev": 12.687446609946635
            },
            "T5": {
                "min": 0.1128835678100586,
                "mean": 0.14681086540222169,
                "max": 0.3896181583404541,
                "stdev": 0.08542591280824839
            },
            "T6": {
                "min": 0.04358530044555664,
                "mean": 0.054126858711242676,
                "max": 0.06274652481079102,
                "stdev": 0.005553416708531608
            }
        },
        "make_span": {
            "min": 0.4560275077819824,
            "mean": 4.5554465532302855,
            "max": 41.063215017318726,
            "stdev": 12.82756227443913
        },
        "total_transmitted": {
            "min": 35,
            "mean": 42.2,
            "max": 63,
            "stdev": 8.534895690308373
        }
    },
    "262144": {
        "tasks": {
            "T1": {
                "min": 0.07471537590026855,
                "mean": 0.08222205638885498,
                "max": 0.08974075317382812,
                "stdev": 0.004841910323625842
            },
            "T2": {
                "min": 0.06796860694885254,
                "mean": 0.08250348567962647,
                "max": 0.1457984447479248,
                "stdev": 0.023432309767173868
            },
            "T3": {
                "min": 0.12825298309326172,
                "mean": 0.14725375175476074,
                "max": 0.2368021011352539,
                "stdev": 0.03260352562925056
            },
            "T4": {
                "min": 0.04850292205810547,
                "mean": 4.063250255584717,
                "max": 40.1509907245636,
                "stdev": 12.679940322124475
            },
            "T5": {
                "min": 0.1295008659362793,
                "mean": 0.1663419246673584,
                "max": 0.22789287567138672,
                "stdev": 0.034021339426032166
            },
            "T6": {
                "min": 0.05370211601257324,
                "mean": 0.067006516456604,
                "max": 0.09107565879821777,
                "stdev": 0.012055692064952305
            }
        },