{
    "1024": {
        "tasks": {
            "T1": {
                "min": 0.057538509368896484,
                "mean": 0.06735997200012207,
                "max": 0.10805392265319824,
                "stdev": 0.015156326735809904
            },
            "T2": {
                "min": 0.04444122314453125,
                "mean": 0.05197432041168213,
                "max": 0.06570959091186523,
                "stdev": 0.006582160203196691
            },
            "T3": {
                "min": 0.10971307754516602,
                "mean": 0.14322316646575928,
                "max": 0.1783604621887207,
                "stdev": 0.01976837157509139
            },
            "T4": {
                "min": 0.03941035270690918,
                "mean": 0.04972102642059326,
                "max": 0.06951212882995605,
                "stdev": 0.008234450378431266
            },
            "T5": {
                "min": 0.0986337661743164,
                "mean": 0.11087496280670166,
                "max": 0.12037420272827148,
                "stdev": 0.007243598618885685
            },
            "T6": {
                "min": 0.04033041000366211,
                "mean": 0.04721813201904297,
                "max": 0.05554389953613281,
                "stdev": 0.004983468622767768
            }
        },
        "make_span": {
            "min": 0.4206867218017578,
            "mean": 0.47037158012390134,
            "max": 0.5240516662597656,
            "stdev": 0.0338673541129338
        },
        "total_transmitted": {
            "min": 21,
            "mean": 25,
            "max": 51,
            "stdev": 9.16515138991168
        }
    },
    "4096": {
        "tasks": {
            "T1": {
                "min": 0.05774331092834473,
                "mean": 0.06703460216522217,
                "max": 0.08270120620727539,
                "stdev": 0.008554548305407588
            },
            "T2": {
                "min": 0.04483461380004883,
                "mean": 0.052223801612854004,
                "max": 0.08149123191833496,
                "stdev": 0.011397291531325097
            },
            "T3": {
                "min": 0.10748052597045898,
                "mean": 0.1392181396484375,
                "max": 0.18175005912780762,
                "stdev": 0.022359380736246638
            },
            "T4": {
                "min": 0.04675149917602539,
                "mean": 0.06155388355255127,
                "max": 0.13542890548706055,
                "stdev": 0.026674895876308592
            },
            "T5": {
                "min": 0.08858418464660645,
                "mean": 0.11681609153747559,
                "max": 0.1493978500366211,
                "stdev": 0.015281963408531135
            },
            "T6": {
                "min": 0.04248046875,
                "mean": 0.04801185131072998,
                "max": 0.05239415168762207,
                "stdev": 0.003308623233215699
            }
        },
        "make_span": {
            "min": 0.4470839500427246,
            "mean": 0.4848583698272705,
            "max": 0.5205240249633789,
            "stdev": 0.023147290366496775
        },
        "total_transmitted": {
            "min": 22,
            "mean": 26.2,
            "max": 53,
            "stdev": 9.437513796899408
        }
    },
    "16384": {
        "tasks": {
            "T1": {
                "min": 0.057013750076293945,
                "mean": 0.06566109657287597,
                "max": 0.08413839340209961,
                "stdev": 0.008799128615746785
            },
            "T2": {
                "min": 0.04364156723022461,
                "mean": 0.05719063282012939,
                "max": 0.10923099517822266,
                "stdev": 0.019669185799916316
            },
            "T3": {
                "min": 0.10894608497619629,
                "mean": 0.14301140308380128,
                "max": 0.18394708633422852,
                "stdev": 0.02543087456665591
            },
            "T4": {
                "min": 0.04162764549255371,
                "mean": 0.05381386280059815,
                "max": 0.07191061973571777,
                "stdev": 0.011117821784041396
            },
            "T5": {
                "min": 0.1015772819519043,
                "mean": 0.11898045539855957,
                "max": 0.1528468132019043,
                "stdev": 0.016621229856437977
            },
            "T6": {
                "min": 0.041342735290527344,
                "mean": 0.049643754959106445,
                "max": 0.06388211250305176,
                "stdev": 0.008406624105348402
            }
        },
        "make_span": {
            "min": 0.43675756454467773,
            "mean": 0.4883012056350708,
            "max": 0.544191837310791,
            "stdev": 0.03363363200476123
        },
        "total_transmitted": {
            "min": 23,
            "mean": 31.4,
            "max": 59,
            "stdev": 14.576998624164334
        }
    },
    "65536": {
        "tasks": {
            "T1": {
                "min": 0.05738949775695801,
                "mean": 0.06968066692352295,
                "max": 0.08927392959594727,
                "stdev": 0.009055006624092041
            },
            "T2": {
                "min": 0.04399251937866211,
                "mean": 0.054022574424743654,
                "max": 0.07879495620727539,
                "stdev": 0.010691203829929071
            },
            "T3": {
                "min": 0.1230313777923584,
                "mean": 0.1690640926361084,
                "max": 0.2491443157196045,
                "stdev": 0.04361190994785649
            },
            "T4": {
                "min": 0.04762721061706543,
                "mean": 0.056182050704956056,
                "max": 0.07194685935974121,
                "stdev": 0.008250071618020702
            },
            "T5": {
                "min": 0.09922409057617188,
                "mean": 0.11185302734375,
                "max": 0.13106799125671387,
                "stdev": 0.010656952297360531
            },
            "T6": {
                "min": 0.04758048057556152,
                "mean": 0.0599043607711792,
                "max": 0.08230018615722656,
                "stdev": 0.013094571732123911
            }
        },
        "make_span": {
            "min": 0.44571781158447266,
            "mean": 0.5207067728042603,
            "max": 0.6153585910797119,
            "stdev": 0.05440992830521473
        },
        "total_transmitted": {
            "min": 26,
            "mean": 27.2,
            "max": 28,
            "stdev": 0.6324555320336759
        }
    },
    "262144": {
        "tasks": {
            "T1": {
                "min": 0.06470727920532227,
                "mean": 0.07527327537536621,
                "max": 0.09106636047363281,
                "stdev": 0.008793845965034597
            },
            "T2": {
                "min": 0.04907965660095215,
                "mean": 0.05738246440887451,
                "max": 0.07554388046264648,
                "stdev": 0.007562099859547624
            },
            "T3": {
                "min": 0.14466381072998047,
                "mean": 0.17235100269317627,
                "max": 0.20205450057983398,
                "stdev": 0.01805230354599769
            },
            "T4": {
                "min": 0.04894447326660156,
                "mean": 0.06075074672698975,
                "max": 0.10674595832824707,
                "stdev": 0.016997264766171496
            },
            "T5": {
                "min": 0.11455869674682617,
                "mean": 0.1357168197631836,
                "max": 0.17793059349060059,
                "stdev": 0.019945784877033513
            },
            "T6": {
                "min": 0.05213761329650879,
                "mean": 0.061391019821166994,
                "max": 0.09345197677612305,